admin3Name_en,admin3Pcode,admin2Name_en,admin2Pcode,admin1Name_en,admin1Pcode,admin0Name_en,admin0Pcode, Total_pop 
Abbottabad,PK20101,Abbottabad,PK201,Khyber Pakhtunkhwa,PK2,Pakistan,PK,1332912.00
Ahmadupr East,PK60305,Bahawalpur,PK603,Punjab,PK6,Pakistan,PK,1078683.00
Ahmedpur Sial,PK61201,Jhang,PK612,Punjab,PK6,Pakistan,PK,433517.00
Alai,PK20301,Batagram,PK203,Khyber Pakhtunkhwa,PK2,Pakistan,PK,180414.00
Alipur,PK62301,Muzaffargarh,PK623,Punjab,PK6,Pakistan,PK,639748.00
Alpuri,PK22001,Shangla,PK220,Khyber Pakhtunkhwa,PK2,Pakistan,PK,380039.00
Ambar Utman Khel,PK23501,Mohmand,PK235,Khyber Pakhtunkhwa,PK2,Pakistan,PK,62109.00
Arif Wala,PK62701,Pakpattan,PK627,Punjab,PK6,Pakistan,PK,854462.00
Attock,PK60101,Attock,PK601,Punjab,PK6,Pakistan,PK,434705.00
Awaran,PK70101,Awaran,PK701,Balochistan,PK7,Pakistan,PK,48750.00
Baba Kot,PK72201,Nasirabad,PK722,Balochistan,PK7,Pakistan,PK,49459.00
Babuzai,PK22201,Swat,PK222,Khyber Pakhtunkhwa,PK2,Pakistan,PK,599040.00
Badin,PK80101,Badin,PK801,Sindh,PK8,Pakistan,PK,455295.00
Badinai,PK71601,Killa Saifullah,PK716,Balochistan,PK7,Pakistan,PK,15301.00
Bahawalnagar,PK60201,Bahawalnagar,PK602,Punjab,PK6,Pakistan,PK,815143.00
Bahawalpur,PK60301,Bahawalpur,PK603,Punjab,PK6,Pakistan,PK,1256646.00
Bahrain,PK22202,Swat,PK222,Khyber Pakhtunkhwa,PK2,Pakistan,PK,99390.00
Bakrani,PK81001,Larkana,PK810,Sindh,PK8,Pakistan,PK,229444.00
Balakot,PK21601,Mansehra,PK216,Khyber Pakhtunkhwa,PK2,Pakistan,PK,273089.00
Balnigor,PK71201,Kech,PK712,Balochistan,PK7,Pakistan,PK,45065.00
Banda Daud Shah,PK21001,Karak,PK210,Khyber Pakhtunkhwa,PK2,Pakistan,PK,155642.00
Bannu,PK20201,Bannu,PK202,Khyber Pakhtunkhwa,PK2,Pakistan,PK,958504.00
Bar Chamarkand,PK23202,Bajaur,PK232,Khyber Pakhtunkhwa,PK2,Pakistan,PK,2868.00
Bara,PK23301,Khyber,PK233,Khyber Pakhtunkhwa,PK2,Pakistan,PK,444403.00
Barang,PK23201,Bajaur,PK232,Khyber Pakhtunkhwa,PK2,Pakistan,PK,76558.00
Barawal,PK23001,Upper Dir,PK230,Khyber Pakhtunkhwa,PK2,Pakistan,PK,76925.00
Barikot,PK22203,Swat,PK222,Khyber Pakhtunkhwa,PK2,Pakistan,PK,184000.00
Barkhan,PK70201,Barkhan,PK702,Balochistan,PK7,Pakistan,PK,171556.00
Barshore,PK72501,Pishin,PK725,Balochistan,PK7,Pakistan,PK,103606.00
Batagram,PK20302,Batagram,PK203,Khyber Pakhtunkhwa,PK2,Pakistan,PK,296198.00
Bela,PK71801,Las Bela,PK718,Balochistan,PK7,Pakistan,PK,104438.00
Besima,PK72901,Washuk,PK729,Balochistan,PK7,Pakistan,PK,68036.00
Bettani,PK24201,FR Lakki Marwat,PK242,Khyber Pakhtunkhwa,PK2,Pakistan,PK,26359.00
Bhag,PK73201,Lehri,PK732,Balochistan,PK7,Pakistan,PK,73619.00
Bhakkar,PK60401,Bhakkar,PK604,Punjab,PK6,Pakistan,PK,685059.00
Bhalwal,PK63201,Sargodha,PK632,Punjab,PK6,Pakistan,PK,357331.00
Bhiria,PK81301,Naushahro Feroze,PK813,Sindh,PK8,Pakistan,PK,424684.00
Birmal,PK23801,South Waziristan,PK238,Khyber Pakhtunkhwa,PK2,Pakistan,PK,104304.00
Bisham,PK22002,Shangla,PK220,Khyber Pakhtunkhwa,PK2,Pakistan,PK,105890.00
Buleda,PK71202,Kech,PK712,Balochistan,PK7,Pakistan,PK,120315.00
Bulri Shah Karim,PK82003,Tando Muhammad Khan,PK820,Sindh,PK8,Pakistan,PK,236913.00
Burewala,PK63601,Vehari,PK636,Punjab,PK6,Pakistan,PK,1015385.00
Central Kurram,PK23401,Kurram,PK234,Khyber Pakhtunkhwa,PK2,Pakistan,PK,229356.00
Central Orakzai,PK23701,Orakzai,PK237,Khyber Pakhtunkhwa,PK2,Pakistan,PK,59122.00
Chachro,PK82101,Tharparkar,PK821,Sindh,PK8,Pakistan,PK,351263.00
Chagai,PK70401,Chagai,PK704,Balochistan,PK7,Pakistan,PK,80676.00
Chagharzai,PK20401,Buner,PK204,Khyber Pakhtunkhwa,PK2,Pakistan,PK,105643.00
Chak Jhumra,PK60801,Faisalabad,PK608,Punjab,PK6,Pakistan,PK,332461.00
Chakwal,PK60501,Chakwal,PK605,Punjab,PK6,Pakistan,PK,656978.00
Chaman,PK71501,Killa Abdullah,PK715,Balochistan,PK7,Pakistan,PK,495491.00
Chamla,PK20402,Buner,PK204,Khyber Pakhtunkhwa,PK2,Pakistan,PK,59093.00
Charbagh,PK22204,Swat,PK222,Khyber Pakhtunkhwa,PK2,Pakistan,PK,126115.00
Charsadda,PK20501,Charsadda,PK205,Khyber Pakhtunkhwa,PK2,Pakistan,PK,1187959.00
Chattar,PK72202,Nasirabad,PK722,Balochistan,PK7,Pakistan,PK,75330.00
Chaubara,PK61801,Layyah,PK618,Punjab,PK6,Pakistan,PK,252200.00
Chichawatni,PK63101,Sahiwal,PK631,Punjab,PK6,Pakistan,PK,1026007.00
Chiksar,PK22003,Shangla,PK220,Khyber Pakhtunkhwa,PK2,Pakistan,PK,126679.00
Chiniot,PK60601,Chiniot,PK606,Punjab,PK6,Pakistan,PK,1369740.00
Chishtian,PK60202,Bahawalnagar,PK602,Punjab,PK6,Pakistan,PK,691221.00
Chitral,PK20601,Chitral,PK206,Khyber Pakhtunkhwa,PK2,Pakistan,PK,278122.00
Choa Saidan Shah,PK60502,Chakwal,PK605,Punjab,PK6,Pakistan,PK,141844.00
Chunian,PK61401,Kasur,PK614,Punjab,PK6,Pakistan,PK,825684.00
Dadu,PK80201,Dadu,PK802,Sindh,PK8,Pakistan,PK,460481.00
Daggar,PK20403,Buner,PK204,Khyber Pakhtunkhwa,PK2,Pakistan,PK,355692.00
Daharki,PK80301,Ghotki,PK803,Sindh,PK8,Pakistan,PK,310079.00
Dalbandin,PK70402,Chagai,PK704,Balochistan,PK7,Pakistan,PK,126822.00
Daraban,PK20701,Dera Ismail Khan,PK207,Khyber Pakhtunkhwa,PK2,Pakistan,PK,123933.00
Darra Adam Khel,PK24101,FR Kohat,PK241,Khyber Pakhtunkhwa,PK2,Pakistan,PK,118578.00
Darya Khan,PK60402,Bhakkar,PK604,Punjab,PK6,Pakistan,PK,360807.00
Dasht (Kech),PK71203,Kech,PK712,Balochistan,PK7,Pakistan,PK,77291.00
Dasht (Mastung),PK72001,Mastung,PK720,Balochistan,PK7,Pakistan,PK,64768.00
Daska,PK63401,Sialkot,PK634,Punjab,PK6,Pakistan,PK,846933.00
Dassu,PK21201,Kohistan,PK212,Khyber Pakhtunkhwa,PK2,Pakistan,PK,306775.00
Data Khel,PK23601,North Waziristan,PK236,Khyber Pakhtunkhwa,PK2,Pakistan,PK,75116.00
Daur,PK81601,Shaheed Benazirabad,PK816,Sindh,PK8,Pakistan,PK,477357.00
De- Excluded Area Rajanpur,PK62901,Rajanpur,PK629,Punjab,PK6,Pakistan,PK,34230.00
De-excluded Area D.G.Khan,PK60701,Dera Ghazi Khan,PK607,Punjab,PK6,Pakistan,PK,212430.00
Depalpur,PK62601,Okara,PK626,Punjab,PK6,Pakistan,PK,1374912.00
Dera Bugti,PK70501,Dera Bugti,PK705,Balochistan,PK7,Pakistan,PK,58757.00
Dera Ghazi Khan,PK60702,Dera Ghazi Khan,PK607,Punjab,PK6,Pakistan,PK,1984015.00
Dera Ismail Khan,PK20702,Dera Ismail Khan,PK207,Khyber Pakhtunkhwa,PK2,Pakistan,PK,1017361.00
Dera Murad Jamali,PK72203,Nasirabad,PK722,Balochistan,PK7,Pakistan,PK,234581.00
Digri,PK81201,Mirpur Khas,PK812,Sindh,PK8,Pakistan,PK,214499.00
Dina,PK61301,Jhelum,PK613,Punjab,PK6,Pakistan,PK,238660.00
Diplo,PK82102,Tharparkar,PK821,Sindh,PK8,Pakistan,PK,392640.00
Dir,PK23002,Upper Dir,PK230,Khyber Pakhtunkhwa,PK2,Pakistan,PK,415816.00
Dokri,PK81002,Larkana,PK810,Sindh,PK8,Pakistan,PK,225294.00
Domel,PK20202,Bannu,PK202,Khyber Pakhtunkhwa,PK2,Pakistan,PK,209388.00
Dossali,PK23602,North Waziristan,PK236,Khyber Pakhtunkhwa,PK2,Pakistan,PK,39821.00
Drazanda,PK24001,FR Dera Ismail Khan,PK240,Khyber Pakhtunkhwa,PK2,Pakistan,PK,68556.00
Duki,PK71901,Loralai,PK719,Balochistan,PK7,Pakistan,PK,153000.00
Dunyapur,PK61901,Lodhran,PK619,Punjab,PK6,Pakistan,PK,495013.00
Dureji,PK71802,Las Bela,PK718,Balochistan,PK7,Pakistan,PK,45662.00
Faisalabad City,PK60802,Faisalabad,PK608,Punjab,PK6,Pakistan,PK,3237961.00
Faisalabad Saddar,PK60803,Faisalabad,PK608,Punjab,PK6,Pakistan,PK,1465411.00
Faiz Ganj,PK80901,Khairpur,PK809,Sindh,PK8,Pakistan,PK,224004.00
Fateh Jang,PK60102,Attock,PK601,Punjab,PK6,Pakistan,PK,325970.00
Ferozewala,PK63301,Sheikhupura,PK633,Punjab,PK6,Pakistan,PK,795498.00
Fort Abbas,PK60203,Bahawalnagar,PK602,Punjab,PK6,Pakistan,PK,423529.00
Gaddani,PK71803,Las Bela,PK718,Balochistan,PK7,Pakistan,PK,24579.00
Gagra,PK20404,Buner,PK204,Khyber Pakhtunkhwa,PK2,Pakistan,PK,164824.00
Gambat,PK80902,Khairpur,PK809,Sindh,PK8,Pakistan,PK,263746.00
Gandakha,PK70801,Jaffarabad,PK708,Balochistan,PK7,Pakistan,PK,74976.00
Gandawa,PK70901,Jhal Magsi,PK709,Balochistan,PK7,Pakistan,PK,60650.00
Garhi Khairo,PK80501,Jacobabad,PK805,Sindh,PK8,Pakistan,PK,158360.00
Garhi Yasin,PK81701,Shikarpur,PK817,Sindh,PK8,Pakistan,PK,315883.00
Garyum,PK23603,North Waziristan,PK236,Khyber Pakhtunkhwa,PK2,Pakistan,PK,11780.00
Ghazi,PK20901,Haripur,PK209,Khyber Pakhtunkhwa,PK2,Pakistan,PK,145367.00
Ghorabari,PK82201,Thatta,PK822,Sindh,PK8,Pakistan,PK,174088.00
Ghotki,PK80302,Ghotki,PK803,Sindh,PK8,Pakistan,PK,505998.00
Ghulam Khan,PK23604,North Waziristan,PK236,Khyber Pakhtunkhwa,PK2,Pakistan,PK,27171.00
Gichk,PK72401,Panjgur,PK724,Balochistan,PK7,Pakistan,PK,16501.00
Gojra,PK63501,Toba Tek Singh,PK635,Punjab,PK6,Pakistan,PK,656007.00
Gujar Khan,PK63001,Rawalpindi,PK630,Punjab,PK6,Pakistan,PK,678503.00
Gujranwala,PK60901,Gujranwala,PK609,Punjab,PK6,Pakistan,PK,3066610.00
Gujrat,PK61001,Gujrat,PK610,Punjab,PK6,Pakistan,PK,1497865.00
Gwadar,PK70601,Gwadar,PK706,Balochistan,PK7,Pakistan,PK,149400.00
Hafizabad,PK61101,Hafizabad,PK611,Punjab,PK6,Pakistan,PK,663735.00
Hala,PK81101,Matiari,PK811,Sindh,PK8,Pakistan,PK,428672.00
Halimzai,PK23502,Mohmand,PK235,Khyber Pakhtunkhwa,PK2,Pakistan,PK,78749.00
Hangu,PK20801,Hangu,PK208,Khyber Pakhtunkhwa,PK2,Pakistan,PK,270295.00
Haripur,PK20902,Haripur,PK209,Khyber Pakhtunkhwa,PK2,Pakistan,PK,857664.00
Harnai,PK70701,Harnai,PK707,Balochistan,PK7,Pakistan,PK,97017.00
Haroonabad,PK60204,Bahawalnagar,PK602,Punjab,PK6,Pakistan,PK,525598.00
Hasilpur,PK60302,Bahawalpur,PK603,Punjab,PK6,Pakistan,PK,456006.00
Hassan Abdal,PK60103,Attock,PK601,Punjab,PK6,Pakistan,PK,216566.00
Hassan Khel,PK24301,FR Peshawar,PK243,Khyber Pakhtunkhwa,PK2,Pakistan,PK,64691.00
Hazro,PK60104,Attock,PK601,Punjab,PK6,Pakistan,PK,339238.00
Hub,PK71804,Las Bela,PK718,Balochistan,PK7,Pakistan,PK,203020.00
Hyderabad,PK80401,Hyderabad,PK804,Sindh,PK8,Pakistan,PK,466770.00
Hyderabad City,PK80404,Hyderabad,PK804,Sindh,PK8,Pakistan,PK,755290.00
Isakhel,PK62101,Mianwali,PK621,Punjab,PK6,Pakistan,PK,375026.00
Islamabad,PK50101,Islamabad,PK501,Federal Capital Territory,PK5,Pakistan,PK,2006572.00
Ismailzai,PK23702,Orakzai,PK237,Khyber Pakhtunkhwa,PK2,Pakistan,PK,23965.00
Jacobabad,PK80502,Jacobabad,PK805,Sindh,PK8,Pakistan,PK,382513.00
Jahanian,PK61501,Khanewal,PK615,Punjab,PK6,Pakistan,PK,343361.00
Jalalpur Pirwala,PK62201,Multan,PK622,Punjab,PK6,Pakistan,PK,554152.00
Jampur,PK62902,Rajanpur,PK629,Punjab,PK6,Pakistan,PK,849086.00
Jamrud,PK23302,Khyber,PK233,Khyber Pakhtunkhwa,PK2,Pakistan,PK,228001.00
Jan Nawaz Ali,PK81401,Sanghar,PK814,Sindh,PK8,Pakistan,PK,153342.00
Jand,PK60105,Attock,PK601,Punjab,PK6,Pakistan,PK,295483.00
Jandola,PK24401,FR Tank,PK244,Khyber Pakhtunkhwa,PK2,Pakistan,PK,36389.00
Jaranwala,PK60804,Faisalabad,PK608,Punjab,PK6,Pakistan,PK,1492276.00
Jati,PK82401,Sujawal,PK824,Sindh,PK8,Pakistan,PK,202299.00
Jatoi,PK62302,Muzaffargarh,PK623,Punjab,PK6,Pakistan,PK,714576.00
Jhal Jao,PK70102,Awaran,PK701,Balochistan,PK7,Pakistan,PK,40033.00
Jhal Magsi,PK70902,Jhal Magsi,PK709,Balochistan,PK7,Pakistan,PK,88575.00
Jhang,PK61202,Jhang,PK612,Punjab,PK6,Pakistan,PK,1761273.00
Jhat Pat,PK70802,Jaffarabad,PK708,Balochistan,PK7,Pakistan,PK,252611.00
Jhelum,PK61302,Jhelum,PK613,Punjab,PK6,Pakistan,PK,445190.00
Jhuddo,PK81202,Mirpur Khas,PK812,Sindh,PK8,Pakistan,PK,202228.00
Jiwani,PK70602,Gwadar,PK706,Balochistan,PK7,Pakistan,PK,26991.00
Johi,PK80202,Dadu,PK802,Sindh,PK8,Pakistan,PK,294848.00
Kabal,PK22205,Swat,PK222,Khyber Pakhtunkhwa,PK2,Pakistan,PK,420374.00
Kabirwala,PK61502,Khanewal,PK615,Punjab,PK6,Pakistan,PK,959861.00
Kahan,PK71701,Kohlu,PK717,Balochistan,PK7,Pakistan,PK,73981.00
Kahror Pacca,PK61902,Lodhran,PK619,Punjab,PK6,Pakistan,PK,500939.00
Kahuta,PK63002,Rawalpindi,PK630,Punjab,PK6,Pakistan,PK,220576.00
Kairpur Tamewali,PK60303,Bahawalpur,PK603,Punjab,PK6,Pakistan,PK,262628.00
Kakar Khurasan,PK73001,Zhob,PK730,Balochistan,PK7,Pakistan,PK,56912.00
Kalam,PK22206,Swat,PK222,Khyber Pakhtunkhwa,PK2,Pakistan,PK,149084.00
Kalat,PK71001,Kalat,PK710,Balochistan,PK7,Pakistan,PK,211480.00
Kalkot,PK23003,Upper Dir,PK230,Khyber Pakhtunkhwa,PK2,Pakistan,PK,131873.00
Kallar Kahar,PK60503,Chakwal,PK605,Punjab,PK6,Pakistan,PK,169660.00
Kallar Sayedan,PK63003,Rawalpindi,PK630,Punjab,PK6,Pakistan,PK,217273.00
Kalurkot,PK60403,Bhakkar,PK604,Punjab,PK6,Pakistan,PK,347552.00
Kamalia,PK63502,Toba Tek Singh,PK635,Punjab,PK6,Pakistan,PK,371851.00
Kambar Ali Khan,PK81501,Qambar Shahdadkot,PK815,Sindh,PK8,Pakistan,PK,395206.00
Kamoke,PK60902,Gujranwala,PK609,Punjab,PK6,Pakistan,PK,581444.00
Kan Mehtarzai,PK71602,Killa Saifullah,PK716,Balochistan,PK7,Pakistan,PK,33240.00
Kandiaro,PK81302,Naushahro Feroze,PK813,Sindh,PK8,Pakistan,PK,446079.00
Kanhdkot,PK80801,Kashmore,PK808,Sindh,PK8,Pakistan,PK,366484.00
Kanraj,PK71805,Las Bela,PK718,Balochistan,PK7,Pakistan,PK,12387.00
Karachi Central,PK80703,Karachi City,PK807,Sindh,PK8,Pakistan,PK,2971626.00
Karachi East,PK80705,Karachi City,PK807,Sindh,PK8,Pakistan,PK,5364486.00
Karachi South,PK80704,Karachi City,PK807,Sindh,PK8,Pakistan,PK,1791751.00
Karachi West,PK80702,Karachi City,PK807,Sindh,PK8,Pakistan,PK,3914757.00
Karak,PK21002,Karak,PK210,Khyber Pakhtunkhwa,PK2,Pakistan,PK,293520.00
Karezat,PK72502,Pishin,PK725,Balochistan,PK7,Pakistan,PK,138280.00
Karor Lal Esan,PK61802,Layyah,PK618,Punjab,PK6,Pakistan,PK,594639.00
Kashmore,PK80802,Kashmore,PK808,Sindh,PK8,Pakistan,PK,434975.00
Kasur,PK61402,Kasur,PK614,Punjab,PK6,Pakistan,PK,1694983.00
Katlang,PK21701,Mardan,PK217,Khyber Pakhtunkhwa,PK2,Pakistan,PK,343144.00
Kazi Ahmed,PK81602,Shaheed Benazirabad,PK816,Sindh,PK8,Pakistan,PK,348702.00
Kech,PK71204,Kech,PK712,Balochistan,PK7,Pakistan,PK,469344.00
Keti Bander,PK82203,Thatta,PK822,Sindh,PK8,Pakistan,PK,58832.00
Khairpur,PK80903,Khairpur,PK809,Sindh,PK8,Pakistan,PK,439563.00
Khairpur Nathan Shah,PK80203,Dadu,PK802,Sindh,PK8,Pakistan,PK,334258.00
Khanewal,PK61503,Khanewal,PK615,Punjab,PK6,Pakistan,PK,856793.00
Khangarh,PK80303,Ghotki,PK803,Sindh,PK8,Pakistan,PK,149008.00
Khanpur (Rahim Yar Khan),PK62801,Rahim Yar Khan,PK628,Punjab,PK6,Pakistan,PK,983415.00
Khanpur (Shikarpur),PK81702,Shikarpur,PK817,Sindh,PK8,Pakistan,PK,276283.00
Khar,PK23203,Bajaur,PK232,Khyber Pakhtunkhwa,PK2,Pakistan,PK,247510.00
Kharan,PK71301,Kharan,PK713,Balochistan,PK7,Pakistan,PK,156152.00
Kharian,PK61002,Gujrat,PK610,Punjab,PK6,Pakistan,PK,1010912.00
Kharochan,PK82402,Sujawal,PK824,Sindh,PK8,Pakistan,PK,10235.00
Khipro,PK81402,Sanghar,PK814,Sindh,PK8,Pakistan,PK,333284.00
Khushab,PK61601,Khushab,PK616,Punjab,PK6,Pakistan,PK,807684.00
Khuzdar,PK71401,Khuzdar,PK714,Balochistan,PK7,Pakistan,PK,354797.00
Khwazakhela,PK22207,Swat,PK222,Khyber Pakhtunkhwa,PK2,Pakistan,PK,265571.00
Killa Abdullah,PK71502,Killa Abdullah,PK715,Balochistan,PK7,Pakistan,PK,262087.00
Killa Saifullah,PK71603,Killa Saifullah,PK716,Balochistan,PK7,Pakistan,PK,132264.00
Kingri,PK80904,Khairpur,PK809,Sindh,PK8,Pakistan,PK,340218.00
Kohat,PK21101,Kohat,PK211,Khyber Pakhtunkhwa,PK2,Pakistan,PK,850336.00
Kohlu,PK71702,Kohlu,PK717,Balochistan,PK7,Pakistan,PK,98743.00
Kot Addu,PK62303,Muzaffargarh,PK623,Punjab,PK6,Pakistan,PK,1345941.00
Kot Diji,PK80905,Khairpur,PK809,Sindh,PK8,Pakistan,PK,348899.00
Kot Ghulam Muhammad,PK81203,Mirpur Khas,PK812,Sindh,PK8,Pakistan,PK,273193.00
Kot Momin,PK63202,Sargodha,PK632,Punjab,PK6,Pakistan,PK,453562.00
Kotli Sattian,PK63004,Rawalpindi,PK630,Punjab,PK6,Pakistan,PK,119312.00
Kotri,PK80601,Jamshoro,PK806,Sindh,PK8,Pakistan,PK,437561.00
Kulachi,PK20703,Dera Ismail Khan,PK207,Khyber Pakhtunkhwa,PK2,Pakistan,PK,101854.00
Kunri,PK82301,Umerkot,PK823,Sindh,PK8,Pakistan,PK,218493.00
Kut Mandai,PK72801,Sibi,PK728,Balochistan,PK7,Pakistan,PK,7587.00
Lachi,PK21102,Kohat,PK211,Khyber Pakhtunkhwa,PK2,Pakistan,PK,143538.00
Ladha,PK23802,South Waziristan,PK238,Khyber Pakhtunkhwa,PK2,Pakistan,PK,114830.00
Lahor,PK22101,Swabi,PK221,Khyber Pakhtunkhwa,PK2,Pakistan,PK,598136.00
Lahore Cantt,PK61701,Lahore,PK617,Punjab,PK6,Pakistan,PK,4334577.00
Lahore City,PK61702,Lahore,PK617,Punjab,PK6,Pakistan,PK,6791708.00
Lakhi,PK81703,Shikarpur,PK817,Sindh,PK8,Pakistan,PK,248143.00
Lakhra,PK71806,Las Bela,PK718,Balochistan,PK7,Pakistan,PK,35522.00
Lakki Marwat,PK21301,Lakki Marwat,PK213,Khyber Pakhtunkhwa,PK2,Pakistan,PK,579274.00
Landi Kotal,PK23303,Khyber,PK233,Khyber Pakhtunkhwa,PK2,Pakistan,PK,314569.00
Larkana,PK81003,Larkana,PK810,Sindh,PK8,Pakistan,PK,738069.00
Latifabad,PK80403,Hyderabad,PK804,Sindh,PK8,Pakistan,PK,672504.00
Layyah,PK61803,Layyah,PK618,Punjab,PK6,Pakistan,PK,977391.00
Lehri,PK73202,Lehri,PK732,Balochistan,PK7,Pakistan,PK,44427.00
Liaquatpur,PK62802,Rahim Yar Khan,PK628,Punjab,PK6,Pakistan,PK,1035509.00
Liari,PK71807,Las Bela,PK718,Balochistan,PK7,Pakistan,PK,11766.00
Lodhran,PK61903,Lodhran,PK619,Punjab,PK6,Pakistan,PK,704668.00
Loi Band,PK71604,Killa Saifullah,PK716,Balochistan,PK7,Pakistan,PK,28061.00
Loralai,PK71902,Loralai,PK719,Balochistan,PK7,Pakistan,PK,244400.00
Lower Kurram,PK23402,Kurram,PK234,Khyber Pakhtunkhwa,PK2,Pakistan,PK,136719.00
Lower Orakzai,PK23703,Orakzai,PK237,Khyber Pakhtunkhwa,PK2,Pakistan,PK,107397.00
Mach,PK71102,Kachhi,PK711,Balochistan,PK7,Pakistan,PK,125740.00
Mailsi,PK63602,Vehari,PK636,Punjab,PK6,Pakistan,PK,953895.00
Makin,PK23803,South Waziristan,PK238,Khyber Pakhtunkhwa,PK2,Pakistan,PK,58700.00
Malakwal,PK62001,Mandi Bahauddin,PK620,Punjab,PK6,Pakistan,PK,371869.00
Malir,PK80701,Karachi City,PK807,Sindh,PK8,Pakistan,PK,2008901.00
Mamund,PK23204,Bajaur,PK232,Khyber Pakhtunkhwa,PK2,Pakistan,PK,311873.00
Mand,PK71205,Kech,PK712,Balochistan,PK7,Pakistan,PK,50815.00
Mandi Bahauddin,PK62002,Mandi Bahauddin,PK620,Punjab,PK6,Pakistan,PK,668007.00
Manjhand,PK80604,Jamshoro,PK806,Sindh,PK8,Pakistan,PK,140840.00
Mankera,PK60404,Bhakkar,PK604,Punjab,PK6,Pakistan,PK,257100.00
Mansehra,PK21602,Mansehra,PK216,Khyber Pakhtunkhwa,PK2,Pakistan,PK,1017643.00
Mardan,PK21702,Mardan,PK217,Khyber Pakhtunkhwa,PK2,Pakistan,PK,1403394.00
Martung,PK22004,Shangla,PK220,Khyber Pakhtunkhwa,PK2,Pakistan,PK,36301.00
Mashkai,PK70103,Awaran,PK701,Balochistan,PK7,Pakistan,PK,32897.00
Mashkhel,PK72902,Washuk,PK729,Balochistan,PK7,Pakistan,PK,38657.00
Mastuj,PK20602,Chitral,PK206,Khyber Pakhtunkhwa,PK2,Pakistan,PK,169240.00
Mastung,PK72002,Mastung,PK720,Balochistan,PK7,Pakistan,PK,201693.00
Matiari,PK81102,Matiari,PK811,Sindh,PK8,Pakistan,PK,340677.00
Matli,PK80102,Badin,PK801,Sindh,PK8,Pakistan,PK,443412.00
Matta Khararai,PK22208,Swat,PK222,Khyber Pakhtunkhwa,PK2,Pakistan,PK,232998.00
Matta Sebujni,PK22209,Swat,PK222,Khyber Pakhtunkhwa,PK2,Pakistan,PK,232998.00
Mawand,PK71703,Kohlu,PK717,Balochistan,PK7,Pakistan,PK,41626.00
Mehar,PK80204,Dadu,PK802,Sindh,PK8,Pakistan,PK,460679.00
Mian Channu,PK61504,Khanewal,PK615,Punjab,PK6,Pakistan,PK,761971.00
Mianwali,PK62102,Mianwali,PK621,Punjab,PK6,Pakistan,PK,767130.00
Minchinabad,PK60205,Bahawalnagar,PK602,Punjab,PK6,Pakistan,PK,526428.00
Mir Ali,PK23605,North Waziristan,PK236,Khyber Pakhtunkhwa,PK2,Pakistan,PK,185525.00
Miran Shah,PK23606,North Waziristan,PK236,Khyber Pakhtunkhwa,PK2,Pakistan,PK,100680.00
Miro Khan,PK81502,Qambar Shahdadkot,PK815,Sindh,PK8,Pakistan,PK,427150.00
Mirpur Bathoro,PK82403,Sujawal,PK824,Sindh,PK8,Pakistan,PK,210959.00
Mirpur Khas,PK81204,Mirpur Khas,PK812,Sindh,PK8,Pakistan,PK,815956.00
Mirpur Mathelo,PK80304,Ghotki,PK803,Sindh,PK8,Pakistan,PK,327944.00
Mirpur Sakro,PK82206,Thatta,PK822,Sindh,PK8,Pakistan,PK,340834.00
Mirwah,PK80906,Khairpur,PK809,Sindh,PK8,Pakistan,PK,352491.00
Mithi,PK82103,Tharparkar,PK821,Sindh,PK8,Pakistan,PK,527558.00
Moro,PK81303,Naushahro Feroze,PK813,Sindh,PK8,Pakistan,PK,368789.00
Multan City,PK62203,Multan,PK622,Punjab,PK6,Pakistan,PK,2258570.00
Multan Saddar,PK62202,Multan,PK622,Punjab,PK6,Pakistan,PK,1322756.00
Muridke,PK63302,Sheikhupura,PK633,Punjab,PK6,Pakistan,PK,639784.00
Murree,PK63005,Rawalpindi,PK630,Punjab,PK6,Pakistan,PK,233471.00
Musakhel,PK72101,Musakhel,PK721,Balochistan,PK7,Pakistan,PK,167017.00
Muslim Bagh,PK71605,Killa Saifullah,PK716,Balochistan,PK7,Pakistan,PK,78597.00
Muzaffargarh,PK62304,Muzaffargarh,PK623,Punjab,PK6,Pakistan,PK,1621744.00
Nag,PK72903,Washuk,PK729,Balochistan,PK7,Pakistan,PK,34269.00
Nagarparkar,PK82104,Tharparkar,PK821,Sindh,PK8,Pakistan,PK,378200.00
Nal,PK71402,Khuzdar,PK714,Balochistan,PK7,Pakistan,PK,169242.00
Nankana Sahib,PK62401,Nankana Sahib,PK624,Punjab,PK6,Pakistan,PK,883876.00
Nara,PK80907,Khairpur,PK809,Sindh,PK8,Pakistan,PK,160985.00
Narowal,PK62501,Narowal,PK625,Punjab,PK6,Pakistan,PK,816050.00
Naushahro Feroze,PK81304,Naushahro Feroze,PK813,Sindh,PK8,Pakistan,PK,372821.00
Nawabshah,PK81603,Shaheed Benazirabad,PK816,Sindh,PK8,Pakistan,PK,413913.00
Nawagai,PK23205,Bajaur,PK232,Khyber Pakhtunkhwa,PK2,Pakistan,PK,79002.00
Nowshera,PK21801,Nowshera,PK218,Khyber Pakhtunkhwa,PK2,Pakistan,PK,1081239.00
Nowshera Virkan,PK60903,Gujranwala,PK609,Punjab,PK6,Pakistan,PK,535746.00
Nurpur,PK61602,Khushab,PK616,Punjab,PK6,Pakistan,PK,243295.00
Nushki,PK72301,Nushki,PK723,Balochistan,PK7,Pakistan,PK,178796.00
Oghi,PK21603,Mansehra,PK216,Khyber Pakhtunkhwa,PK2,Pakistan,PK,265728.00
Okara,PK62602,Okara,PK626,Punjab,PK6,Pakistan,PK,1205655.00
Ormara,PK70603,Gwadar,PK706,Balochistan,PK7,Pakistan,PK,25727.00
Pabbi,PK21802,Nowshera,PK218,Khyber Pakhtunkhwa,PK2,Pakistan,PK,437301.00
Paharpur,PK20704,Dera Ismail Khan,PK207,Khyber Pakhtunkhwa,PK2,Pakistan,PK,383984.00
Pakpattan,PK62702,Pakpattan,PK627,Punjab,PK6,Pakistan,PK,969225.00
Palas,PK21202,Kohistan,PK212,Khyber Pakhtunkhwa,PK2,Pakistan,PK,275003.00
Panjgur,PK72402,Panjgur,PK724,Balochistan,PK7,Pakistan,PK,260852.00
Panjpai,PK72602,Quetta,PK726,Balochistan,PK7,Pakistan,PK,20726.00
Pano Aqil,PK81801,Sukkur,PK818,Sindh,PK8,Pakistan,PK,435823.00
Parome,PK72403,Panjgur,PK724,Balochistan,PK7,Pakistan,PK,39032.00
Pasni,PK70604,Gwadar,PK706,Balochistan,PK7,Pakistan,PK,61396.00
Pasrur,PK63402,Sialkot,PK634,Punjab,PK6,Pakistan,PK,840881.00
Pattan,PK21203,Kohistan,PK212,Khyber Pakhtunkhwa,PK2,Pakistan,PK,202933.00
Pattoki,PK61403,Kasur,PK614,Punjab,PK6,Pakistan,PK,934329.00
Peshawar,PK21901,Peshawar,PK219,Khyber Pakhtunkhwa,PK2,Pakistan,PK,4269079.00
Phalia,PK62003,Mandi Bahauddin,PK620,Punjab,PK6,Pakistan,PK,553416.00
Phelawagh,PK70502,Dera Bugti,PK705,Balochistan,PK7,Pakistan,PK,115896.00
Pind Dadan Khan,PK61303,Jhelum,PK613,Punjab,PK6,Pakistan,PK,336852.00
Pindi Bhattian,PK61102,Hafizabad,PK611,Punjab,PK6,Pakistan,PK,493222.00
Pindi Gheb,PK60106,Attock,PK601,Punjab,PK6,Pakistan,PK,271594.00
Pindiali,PK23503,Mohmand,PK235,Khyber Pakhtunkhwa,PK2,Pakistan,PK,88363.00
Piplan,PK62103,Mianwali,PK621,Punjab,PK6,Pakistan,PK,403938.00
Pir Baba/ Gadaizi,PK20405,Buner,PK204,Khyber Pakhtunkhwa,PK2,Pakistan,PK,152975.00
Pishin,PK72503,Pishin,PK725,Balochistan,PK7,Pakistan,PK,494595.00
Pithoro,PK82302,Umerkot,PK823,Sindh,PK8,Pakistan,PK,119971.00
Prang Ghar,PK23504,Mohmand,PK235,Khyber Pakhtunkhwa,PK2,Pakistan,PK,35290.00
Puran,PK22005,Shangla,PK220,Khyber Pakhtunkhwa,PK2,Pakistan,PK,108902.00
Qasimabad,PK80402,Hyderabad,PK804,Sindh,PK8,Pakistan,PK,304899.00
Quaidabad,PK61603,Khushab,PK616,Punjab,PK6,Pakistan,PK,230320.00
Qubo Saeed Khan,PK81505,Qambar Shahdadkot,PK815,Sindh,PK8,Pakistan,PK,85970.00
Quetta City,PK72601,Quetta,PK726,Balochistan,PK7,Pakistan,PK,2254973.00
Rahim Yar Khan,PK62803,Rahim Yar Khan,PK628,Punjab,PK6,Pakistan,PK,1530330.00
Rajanpur,PK62903,Rajanpur,PK629,Punjab,PK6,Pakistan,PK,706868.00
Ratodero,PK81004,Larkana,PK810,Sindh,PK8,Pakistan,PK,331584.00
Rawalpindi,PK63006,Rawalpindi,PK630,Punjab,PK6,Pakistan,PK,3258547.00
Razmak,PK23607,North Waziristan,PK236,Khyber Pakhtunkhwa,PK2,Pakistan,PK,17629.00
Renala Khurd,PK62603,Okara,PK626,Punjab,PK6,Pakistan,PK,458572.00
Rohri,PK81802,Sukkur,PK818,Sindh,PK8,Pakistan,PK,371104.00
Rojhan,PK62904,Rajanpur,PK629,Punjab,PK6,Pakistan,PK,405774.00
Sadiqabad,PK62804,Rahim Yar Khan,PK628,Punjab,PK6,Pakistan,PK,1264752.00
Safdarabad,PK62402,Nankana Sahib,PK624,Punjab,PK6,Pakistan,PK,272500.00
Safi,PK23505,Mohmand,PK235,Khyber Pakhtunkhwa,PK2,Pakistan,PK,99114.00
Sahiwal (Sahiwal),PK63102,Sahiwal,PK631,Punjab,PK6,Pakistan,PK,1491553.00
Sahiwal (Sardogha),PK63203,Sargodha,PK632,Punjab,PK6,Pakistan,PK,656395.00
Sakrand,PK81604,Shaheed Benazirabad,PK816,Sindh,PK8,Pakistan,PK,372875.00
Salarzai Tehsil,PK23206,Bajaur,PK232,Khyber Pakhtunkhwa,PK2,Pakistan,PK,268517.00
Salehpat,PK81803,Sukkur,PK818,Sindh,PK8,Pakistan,PK,129619.00
Sam Ranizai,PK21501,Malakand PA,PK215,Khyber Pakhtunkhwa,PK2,Pakistan,PK,304112.00
Samar Bagh,PK21401,Lower Dir,PK214,Khyber Pakhtunkhwa,PK2,Pakistan,PK,378608.00
Samaro,PK82303,Umerkot,PK823,Sindh,PK8,Pakistan,PK,170288.00
Sambrial,PK63403,Sialkot,PK634,Punjab,PK6,Pakistan,PK,411200.00
Sangan,PK72803,Sibi,PK728,Balochistan,PK7,Pakistan,PK,2665.00
Sanghar,PK81403,Sanghar,PK814,Sindh,PK8,Pakistan,PK,434087.00
Sangla Hill,PK62403,Nankana Sahib,PK624,Punjab,PK6,Pakistan,PK,227630.00
Sanni,PK71103,Kachhi,PK711,Balochistan,PK7,Pakistan,PK,111290.00
Sarai Alamgir,PK61003,Gujrat,PK610,Punjab,PK6,Pakistan,PK,247333.00
Sarai Naurang,PK21302,Lakki Marwat,PK213,Khyber Pakhtunkhwa,PK2,Pakistan,PK,296908.00
Sararogha,PK23804,South Waziristan,PK238,Khyber Pakhtunkhwa,PK2,Pakistan,PK,98389.00
Sargodha,PK63204,Sargodha,PK632,Punjab,PK6,Pakistan,PK,1537866.00
Sehwan,PK80602,Jamshoro,PK806,Sindh,PK8,Pakistan,PK,269291.00
Serwekai,PK23805,South Waziristan,PK238,Khyber Pakhtunkhwa,PK2,Pakistan,PK,54278.00
Shah Bander,PK82404,Sujawal,PK824,Sindh,PK8,Pakistan,PK,159887.00
Shahdadkot,PK81503,Qambar Shahdadkot,PK815,Sindh,PK8,Pakistan,PK,202745.00
Shahdadpur,PK81404,Sanghar,PK814,Sindh,PK8,Pakistan,PK,457551.00
Shaheed Fazal Rahu,PK80103,Badin,PK801,Sindh,PK8,Pakistan,PK,506951.00
Shahkot,PK62404,Nankana Sahib,PK624,Punjab,PK6,Pakistan,PK,244868.00
Shahpur,PK63205,Sargodha,PK632,Punjab,PK6,Pakistan,PK,353969.00
Shakargarh,PK62502,Narowal,PK625,Punjab,PK6,Pakistan,PK,893708.00
Sharqpur,PK63303,Sheikhupura,PK633,Punjab,PK6,Pakistan,PK,197220.00
Sheerani,PK72701,Sheerani,PK727,Balochistan,PK7,Pakistan,PK,153116.00
Sheikhupura,PK63304,Sheikhupura,PK633,Punjab,PK6,Pakistan,PK,1555424.00
Shewa,PK23608,North Waziristan,PK236,Khyber Pakhtunkhwa,PK2,Pakistan,PK,39349.00
Shikarpur,PK81704,Shikarpur,PK817,Sindh,PK8,Pakistan,PK,391172.00
Shinkai,PK71606,Killa Saifullah,PK716,Balochistan,PK7,Pakistan,PK,55351.00
Shorkot,PK61203,Jhang,PK612,Punjab,PK6,Pakistan,PK,548626.00
Shuabad,PK62204,Multan,PK622,Punjab,PK6,Pakistan,PK,609631.00
Sialkot,PK63404,Sialkot,PK634,Punjab,PK6,Pakistan,PK,1794658.00
Sibi,PK72804,Sibi,PK728,Balochistan,PK7,Pakistan,PK,125320.00
Sillanwali,PK63206,Sargodha,PK632,Punjab,PK6,Pakistan,PK,344465.00
Sinjawi,PK73101,Ziarat,PK731,Balochistan,PK7,Pakistan,PK,92561.00
Sinjhoro,PK81405,Sanghar,PK814,Sindh,PK8,Pakistan,PK,320874.00
Sobodhero,PK80908,Khairpur,PK809,Sindh,PK8,Pakistan,PK,274428.00
Sohawa,PK61304,Jhelum,PK613,Punjab,PK6,Pakistan,PK,201948.00
Sohbatpur,PK73301,Sohbatpur,PK733,Balochistan,PK7,Pakistan,PK,200538.00
Sonmiani,PK71808,Las Bela,PK718,Balochistan,PK7,Pakistan,PK,64392.00
Spinwam,PK23609,North Waziristan,PK236,Khyber Pakhtunkhwa,PK2,Pakistan,PK,46183.00
Sui,PK70503,Dera Bugti,PK705,Balochistan,PK7,Pakistan,PK,137950.00
Sujawal,PK82405,Sujawal,PK824,Sindh,PK8,Pakistan,PK,198587.00
Sukkur,PK81804,Sukkur,PK818,Sindh,PK8,Pakistan,PK,551357.00
Summundari,PK60805,Faisalabad,PK608,Punjab,PK6,Pakistan,PK,643068.00
Surab,PK71002,Kalat,PK710,Balochistan,PK7,Pakistan,PK,200752.00
Swabi,PK22102,Swabi,PK221,Khyber Pakhtunkhwa,PK2,Pakistan,PK,698180.00
Swat Ranizai,PK21502,Malakand PA,PK215,Khyber Pakhtunkhwa,PK2,Pakistan,PK,416183.00
Taftan,PK70403,Chagai,PK704,Balochistan,PK7,Pakistan,PK,18510.00
Takht Bhai,PK21703,Mardan,PK217,Khyber Pakhtunkhwa,PK2,Pakistan,PK,626523.00
Takht E Nasrati,PK21003,Karak,PK210,Khyber Pakhtunkhwa,PK2,Pakistan,PK,257137.00
Talagang,PK60504,Chakwal,PK605,Punjab,PK6,Pakistan,PK,527500.00
Tall,PK20802,Hangu,PK208,Khyber Pakhtunkhwa,PK2,Pakistan,PK,248503.00
Tamboo,PK72204,Nasirabad,PK722,Balochistan,PK7,Pakistan,PK,131168.00
Tandlianwala,PK60806,Faisalabad,PK608,Punjab,PK6,Pakistan,PK,702733.00
Tando Adam,PK81406,Sanghar,PK814,Sindh,PK8,Pakistan,PK,357919.00
Tando Allah Yar,PK81901,Tando Allah Yar,PK819,Sindh,PK8,Pakistan,PK,836887.00
Tando Bago,PK80104,Badin,PK801,Sindh,PK8,Pakistan,PK,398858.00
Tando Ghulam Hyder,PK82002,Tando Muhammad Khan,PK820,Sindh,PK8,Pakistan,PK,184653.00
Tando Muhammad Khan,PK82001,Tando Muhammad Khan,PK820,Sindh,PK8,Pakistan,PK,255662.00
Tangi,PK20502,Charsadda,PK205,Khyber Pakhtunkhwa,PK2,Pakistan,PK,428239.00
Tangwani,PK80803,Kashmore,PK808,Sindh,PK8,Pakistan,PK,287710.00
Tank,PK22901,Tank,PK229,Khyber Pakhtunkhwa,PK2,Pakistan,PK,391885.00
Taunsa,PK60703,Dera Ghazi Khan,PK607,Punjab,PK6,Pakistan,PK,675756.00
Taxila,PK63007,Rawalpindi,PK630,Punjab,PK6,Pakistan,PK,677951.00
Thano Bula Khan,PK80603,Jamshoro,PK806,Sindh,PK8,Pakistan,PK,145450.00
Thatta,PK82209,Thatta,PK822,Sindh,PK8,Pakistan,PK,406063.00
Thul,PK80503,Jacobabad,PK805,Sindh,PK8,Pakistan,PK,465424.00
Tiarza,PK23806,South Waziristan,PK238,Khyber Pakhtunkhwa,PK2,Pakistan,PK,45210.00
Timergara,PK21402,Lower Dir,PK214,Khyber Pakhtunkhwa,PK2,Pakistan,PK,1057309.00
Toba Tek Singh,PK63503,Toba Tek Singh,PK635,Punjab,PK6,Pakistan,PK,1162157.00
Toi Khulla,PK23807,South Waziristan,PK238,Khyber Pakhtunkhwa,PK2,Pakistan,PK,50593.00
Topi,PK22103,Swabi,PK221,Khyber Pakhtunkhwa,PK2,Pakistan,PK,328300.00
Tor Ghar,PK23101,Tor Ghar,PK231,Khyber Pakhtunkhwa,PK2,Pakistan,PK,171395.00
Totalai,PK20406,Buner,PK204,Khyber Pakhtunkhwa,PK2,Pakistan,PK,59092.00
Tump,PK71206,Kech,PK712,Balochistan,PK7,Pakistan,PK,146286.00
Ubauro,PK80305,Ghotki,PK803,Sindh,PK8,Pakistan,PK,353289.00
Umerkot,PK82304,Umerkot,PK823,Sindh,PK8,Pakistan,PK,564394.00
Upper Kurram,PK23403,Kurram,PK234,Khyber Pakhtunkhwa,PK2,Pakistan,PK,253478.00
Upper Momand,PK23506,Mohmand,PK235,Khyber Pakhtunkhwa,PK2,Pakistan,PK,51068.00
Upper Orakzai,PK23704,Orakzai,PK237,Khyber Pakhtunkhwa,PK2,Pakistan,PK,63872.00
Usta Muhammad,PK70804,Jaffarabad,PK708,Balochistan,PK7,Pakistan,PK,186226.00
Uthal,PK71809,Las Bela,PK718,Balochistan,PK7,Pakistan,PK,72526.00
Utman Khel Tehsil,PK23207,Bajaur,PK232,Khyber Pakhtunkhwa,PK2,Pakistan,PK,107356.00
Vehari,PK63603,Vehari,PK636,Punjab,PK6,Pakistan,PK,928166.00
Wadh,PK71403,Khuzdar,PK714,Balochistan,PK7,Pakistan,PK,176039.00
Wana,PK23808,South Waziristan,PK238,Khyber Pakhtunkhwa,PK2,Pakistan,PK,152881.00
Warah,PK81504,Qambar Shahdadkot,PK815,Sindh,PK8,Pakistan,PK,229971.00
Wari,PK23004,Upper Dir,PK230,Khyber Pakhtunkhwa,PK2,Pakistan,PK,321807.00
Washuk,PK72904,Washuk,PK729,Balochistan,PK7,Pakistan,PK,35244.00
Wazir,PK23901,FR Bannu,PK239,Khyber Pakhtunkhwa,PK2,Pakistan,PK,43114.00
Wazirabad,PK60904,Gujranwala,PK609,Punjab,PK6,Pakistan,PK,830396.00
Yaka Ghund,PK23507,Mohmand,PK235,Khyber Pakhtunkhwa,PK2,Pakistan,PK,52291.00
Yazman,PK60304,Bahawalpur,PK603,Punjab,PK6,Pakistan,PK,614143.00
Zehri,PK71404,Khuzdar,PK714,Balochistan,PK7,Pakistan,PK,102129.00
Zhob,PK73002,Zhob,PK730,Balochistan,PK7,Pakistan,PK,253632.00
Ziarat,PK73102,Ziarat,PK731,Balochistan,PK7,Pakistan,PK,67861.00
